Date,TRIndex,  TRchg  ,KKTC_CPI,KKTCchg,USDchg,EURchg,GBPchg,BrenttlChg,KKTC_YoY,TRvsKKTCchg
31/05/1987,105,0.05,101.2303818,0.012303818,0.020200257,,0.047428157,0.035809878,,306%
30/06/1987,105,0,106.4703859,0.051763157,0.036684148,,0.011946714,0.064582,,-100%
31/07/1987,107.1,0.02,108.4822578,0.01889607,0.038405829,,0.026021685,0.090108425,,6%
31/08/1987,109.242,0.02,108.8846322,0.003709126,0.026183187,,0.019791965,-0.045542048,,439%
30/09/1987,112.51926,0.03,113.1201956,0.038899552,0.025308026,,0.053577023,0.017052727,,-23%
31/10/1987,118.145223,0.05,122.3136692,0.081271727,0.037238009,,0.04216723,0.055198841,,-38%
30/11/1987,125.2339364,0.06,125.8190777,0.028659172,0.011402258,,0.083274418,-0.047775534,,109%
31/12/1987,139.0096694,0.11,130.0069609,0.033284962,0.038003303,,0.07117236,0.032138878,,230%
31/01/1988,193.2234404,0.39,140.5115571,0.080800259,0.081716019,,0.067364123,0.000587317,,383%
29/02/1988,200.9523781,0.04,152.2181261,0.083313923,0.073193481,,0.045865425,-0.028984031,,-52%
31/03/1988,211.7837112,0.0539,161.3516257,0.060002707,0.042710329,,0.084219151,0.107835482,,-10%
30/04/1988,224.5966258,0.0605,164.5628125,0.019901794,0.037869581,,0.067347312,0.100871249,,204%
31/05/1988,232.232911,0.034,167.0980037,0.015405614,0.036873971,,0.03293515,0.011889056,65.06704877,121%
30/06/1988,234.2997839,0.0089,170.8941452,0.022718054,0.043671216,,-0.003859879,-0.086465565,60.5086182,-61%
31/07/1988,238.0251505,0.0159,177.3814766,0.03796111,0.048420646,,-0.001416787,0.16450107,63.51196979,-58%
31/08/1988,243.6425441,0.0236,188.1590293,0.060759178,0.057109129,,0.056749421,-0.033500225,72.80586387,-61%
30/09/1988,257.6519904,0.0575,192.55325,0.023353759,0.059270832,,0.048093433,-0.12242354,70.2200469,146%
31/10/1988,271.6424934,0.0543,199.6125777,0.036661691,0.084513086,,0.117521815,0.145420359,63.19727714,48%
30/11/1988,285.7679031,0.052,205.2290395,0.028136813,0.001973853,,0.043071137,0.141136888,63.11440463,85%
31/12/1988,292.7120631,0.0243,211.3523734,0.029836586,0.042066967,,0.054347473,0.178588633,62.57004389,-19%
31/01/1989,311.416364,0.0639,223.4169593,0.057082803,0.028704873,,0.001995095,0.038212312,59.00255033,12%
28/02/1989,325.9283665,0.0466,241.0978407,0.079138493,0.032902379,,0.018922655,0.086502319,58.38970488,-41%
31/03/1989,335.6736247,0.0299,246.1550984,0.020975956,0.036641285,,0.014311822,0.230372274,52.5581768,43%
30/04/1989,355.9483116,0.0604,255.2816204,0.037076307,0.038327942,,0.028208923,0.023095747,55.12716179,63%
31/05/1989,366.626761,0.03,262.2759902,0.027398642,0.00729342,,-0.031541336,-0.087687101,56.95937976,9%
30/06/1989,374.2159349,0.0207,264.551183,0.008674804,0.022857474,,-0.027920301,0.024538883,54.80412315,139%
31/07/1989,385.442413,0.03,280.7109499,0.061083707,0.011102873,,0.053271651,-0.098414834,58.25268528,-51%
31/08/1989,398.7787205,0.0346,296.8059249,0.05733647,0.019948994,,0.007510285,0.076265196,57.74205788,-40%
30/09/1989,420.6317943,0.0548,299.5491148,0.009242369,0.026154656,,0.006928627,0.087604615,55.56689633,493%
31/10/1989,445.869702,0.06,304.28125,0.015797527,0.015437265,,0.028932787,0.054428274,52.43591035,280%
30/11/1989,464.8637513,0.0426,312.7078533,0.027693469,0.016352578,,0.005433724,-0.007807943,52.37017825,54%
31/12/1989,475.5091312,0.0229,320.8571804,0.026060513,-0.00090258,,0.01479956,0.138041163,51.81148678,-12%
31/01/1990,493.4358254,0.0377,341.5153332,0.064384262,0.008091282,,0.040869023,-0.018248395,52.86007574,-41%
28/02/1990,514.7522531,0.0432,375.0441498,0.098176607,0.020689252,,0.049161644,-0.044037383,55.55682652,-56%
31/03/1990,540.7987171,0.0506,387.6677736,0.033659034,0.031893574,,-0.009703999,-0.035286998,57.48923184,50%
30/04/1990,575.5720746,0.0643,401.1365166,0.034743004,0.019076157,,0.025644711,-0.071760715,57.13489909,85%
31/05/1990,593.3572517,0.0309,411.6670293,0.026251693,0.019276732,,0.04364018,-0.046181407,56.95947959,18%
30/06/1990,601.8422604,0.0143,424.2386533,0.030538331,0.030971442,,0.048886868,0.059946456,60.36165421,-53%
31/07/1990,596.2451274,-0.0093,434.5613335,0.024332248,0.014122863,,0.073375522,0.239770035,54.80740372,-138%
31/08/1990,611.2705046,0.0252,484.4710403,0.114850777,0.004950523,,0.056737793,0.452814589,63.22822412,-78%
30/09/1990,662.2504647,0.0834,507.5602188,0.047658532,0.01458012,,0.004904365,0.496323199,69.44140167,75%
31/10/1990,706.0252204,0.0661,519.7158455,0.023949132,0.008530818,,0.04102784,-0.156277876,70.80114056,176%
30/11/1990,740.4792512,0.0488,531.429392,0.022538367,0.012885915,,0.025273661,-0.07865771,69.94437025,117%
31/12/1990,753.2895422,0.0173,543.5720604,0.022849072,0.034959361,,0.012527295,-0.059580196,69.41246561,-24%
31/01/1991,789.0707955,0.0475,561.6691056,0.033292817,0.041555002,,0.047006944,-0.239499522,64.46380323,43%
28/02/1991,830.7337335,0.0528,578.5050342,0.029974817,0.048973029,,0.067072082,-0.011837002,54.24984885,76%
31/03/1991,866.2060639,0.0427,601.6201296,0.039956602,0.127195215,,0.048813876,0.040487891,55.1896161,7%
30/04/1991,921.210149,0.0635,626.2435475,0.040928514,0.071063443,,0.024070822,0.172219435,56.11731208,55%
31/05/1991,951.4258418,0.0328,641.32428,0.024081258,0.050219027,,0.035954746,0.0129016,55.78713726,36%
30/06/1991,979.1123338,0.0291,673.0460669,0.049462944,0.059203438,,0.016960149,0.030214712,58.64798308,-41%
31/07/1991,991.8407942,0.013,689.1538341,0.023932637,0.038080588,,0.032478176,0.103803222,58.58609153,-46%
31/08/1991,1030.522585,0.039,702.1416217,0.018845992,0.029776138,,0.051909577,0.075893339,44.92953413,107%
30/09/1991,1091.42647,0.0591,733.0442065,0.044011897,0.030803162,,0.054221559,0.075991805,44.42507103,34%
31/10/1991,1161.168621,0.0639,755.912428,0.031196238,0.041838452,,0.043313374,0.069549507,45.44725441,105%
30/11/1991,1220.504338,0.0511,774.6595521,0.024800656,0.021982523,,0.053915805,-0.067208679,45.76904548,106%
31/12/1991,1272.619873,0.0427,795.4215382,0.026801433,0.021671827,,0.049544967,-0.096878739,46.33230737,59%
31/01/1992,1386.646614,0.0896,854.4316842,0.074187262,0.051895437,,0.045971086,0.075600122,52.1236749,21%
29/02/1992,1454.730963,0.0491,940.8213964,0.101107805,0.066106732,,0.044684488,0.024989668,62.62976824,-51%
31/03/1992,1523.830683,0.0475,972.7121407,0.033896704,0.075002063,,0.042805118,0.176033775,61.68211349,40%
30/04/1992,1580.060035,0.0369,998.6224258,0.026637156,0.054016736,,0.071492355,0.084936033,59.4623098,39%
31/05/1992,1593.806558,0.0087,1019.12458,0.020530436,0.044528777,,0.074992498,0.100343292,58.90940228,-58%
30/06/1992,1601.61621,0.0049,1037.988661,0.018510084,0.025871632,,0.052030759,0.02091573,54.2225283,-74%
31/07/1992,1622.597382,0.0131,1070.789317,0.031600206,0.009107615,,0.046081553,-0.001669262,55.3774011,-59%
31/08/1992,1683.444784,0.0375,1106.073163,0.03295125,0.02147747,,0.031518532,-0.015111272,57.52849978,14%
30/09/1992,1804.31612,0.0718,1147.025471,0.037024954,0.025188283,,-0.014787834,0.052839672,56.47425637,94%
31/10/1992,1935.850765,0.0729,1194.28303,0.041200095,0.03941061,,-0.067345984,-0.014671706,57.99224695,77%
30/11/1992,2027.997261,0.0476,1240.201388,0.038448473,0.073440853,,-0.017045581,0.080174408,60.09631388,24%
31/12/1992,2082.753187,0.027,1299.484657,0.047801324,0.029140895,,0.042553939,-0.045705716,63.37056449,-44%
31/01/1993,2190.014976,0.0515,1363.55206,0.049302162,0.042086759,,0.030579964,0.078866292,59.58584931,4%
28/02/1993,2275.42556,0.039,1456.987974,0.068523907,0.038786474,,-0.023342076,0.05846046,54.86339698,-43%
31/03/1993,2381.460391,0.0466,1531.586057,0.051200205,0.037233278,,0.047075229,0.030072348,57.45522163,-9%
30/04/1993,2483.625042,0.0429,1565.894868,0.022400838,0.018274941,,0.079797944,0.026442922,56.80549801,92%
31/05/1993,2598.120157,0.0461,1589.855083,0.015301292,0.044198693,,0.049079136,0.020932727,56.0020349,201%
30/06/1993,2645.405944,0.0182,1628.81828,0.024507389,0.058114117,,0.027224204,0.000701523,56.92062363,-26%
31/07/1993,2771.591807,0.0477,1709.149449,0.049318681,0.059273691,,0.055741505,0.024025341,59.61584804,-3%
31/08/1993,2844.761831,0.0264,1790.702694,0.04771569,0.041101918,,0.034797593,0.033687542,61.89730968,-45%
30/09/1993,2999.516874,0.0544,1825.297753,0.019319264,0.020254244,,0.043459067,0.050746003,59.1331491,182%
31/10/1993,3199.284698,0.0666,1871.450193,0.025284883,0.052699802,,0.040028732,-0.05727464,56.70072721,163%
30/11/1993,3397.640349,0.062,1960.530761,0.047599754,0.069468073,,0.050815097,-0.013705076,58.08164545,30%
31/12/1993,3518.596346,0.0356,2094.242988,0.068202055,0.051148684,,0.059909001,-0.026413236,61.15950094,-48%
31/01/1994,3670.247848,0.0431,2195.180311,0.048197522,0.08056805,,0.080467885,0.21584402,60.98984229,-11%
28/02/1994,3884.590323,0.0584,2395.161237,0.0911,0.167544902,,0.157486148,0.069921457,64.39128392,-36%
31/03/1994,4080.762134,0.0505,2923.29429,0.2205,0.162775092,,0.17201376,0.133684324,90.86712605,-77%
30/04/1994,4981.794413,0.2208,3493.629006,0.1951,0.562081304,,0.551068712,0.809656454,123.1075072,13%
31/05/1994,5454.566703,0.0949,4384.504402,0.255,0.052052978,,0.067804217,0.108939231,175.7801292,-63%
30/06/1994,5504.20326,0.0091,4532.262201,0.0337,-0.063539936,,-0.050692887,0.009964655,178.2546252,-73%
31/07/1994,5598.325136,0.0171,4746.184977,0.0472,-0.022496922,,-0.008045169,0.035200967,177.6928009,-64%
31/08/1994,5710.851471,0.0201,5220.328856,0.0999,0.022415591,,0.019943847,-0.113131931,191.524041,-80%
30/09/1994,6105.471308,0.0691,5572.701053,0.0675,0.071138561,,0.084294788,0.11791317,205.3036714,2%
31/10/1994,6659.237555,0.0907,5845.206135,0.0489,0.028473064,,0.056958795,0.056136715,212.3356505,85%
30/11/1994,7177.326237,0.0778,6133.374797,0.0493,0.03944986,,0.031249379,0.025534059,212.8425689,58%
31/12/1994,7618.014068,0.0614,6596.444595,0.0755,0.03156583,,0.009645855,-0.012252895,214.979906,-19%
31/01/1995,8117.755791,0.0656,7225.745409,0.0954,0.073632646,,0.084163783,0.111338783,229.1640952,-31%
28/02/1995,8571.53834,0.0559,7719.26382,0.0683,0.021659966,,0.02108323,0.047809596,222.2857694,-18%
31/03/1995,8916.114181,0.0402,8306.699797,0.0761,0.018435601,,0.034892344,0.062766808,184.1554415,-47%
30/04/1995,9472.479706,0.0624,8400.565505,0.0113,0.013011063,,0.019965328,0.069352057,140.4538516,452%
31/05/1995,9770.862817,0.0315,8550.935627,0.0179,0.01797245,,0.007434376,-0.057115086,95.02627533,76%
30/06/1995,9965.302987,0.0199,8680.909849,0.0152,0.002771706,,0.004720505,-0.054268777,91.53591438,31%
31/07/1995,10251.30718,0.0287,9279.892629,0.069,0.029504575,,0.029035039,-0.020169952,95.52319756,-58%
31/08/1995,10639.83172,0.0379,9930.413102,0.0701,0.048559289,,0.033180642,0.076467712,90.22581481,-46%
30/09/1995,11453.77885,0.0765,10560.99433,0.0635,0.024767881,,0.014911466,0.048805646,89.51302483,20%
31/10/1995,12311.66689,0.0749,10806.0094,0.0232,0.046614019,,0.06155842,0.046614019,84.86960341,223%
30/11/1995,12975.26573,0.0539,11028.6132,0.0206,0.047727823,,0.03891366,0.082483571,79.81313005,162%
31/12/1995,13421.61487,0.0344,11355.06015,0.0296,0.082915219,,0.06501085,0.179005769,72.13909685,16%
31/01/1996,14422.86734,0.0746,12120.3912,0.0674,0.065450006,,0.060831205,-0.049949941,67.73897382,11%
29/02/1996,14975.26316,0.0383,12914.27682,0.0655,0.059744454,,0.060456909,0.198027404,67.29933218,-42%
31/03/1996,15698.56837,0.0483,13460.55073,0.0423,0.065920242,,0.061779627,0.152668007,62.04450695,14%
30/04/1996,16747.23274,0.0668,13958.59111,0.037,0.06249429,,0.056305725,0.019116511,66.16251729,81%
31/05/1996,17524.30434,0.0464,14828.21134,0.0623,0.057677287,,0.054376092,-0.018258518,73.41039609,-26%
30/06/1996,17881.80015,0.0204,15504.37777,0.0456,0.038459147,,0.057428996,0.106159799,78.60314229,-55%
31/07/1996,18128.56899,0.0138,16814.4977,0.0845,0.037965717,,0.046058987,0.022891526,81.1928044,-84%
31/08/1996,18962.48316,0.046,18258.86305,0.0859,0.026659287,,0.024078221,0.133647992,83.86811165,-46%
30/09/1996,20153.32711,0.0628,18961.82928,0.0385,0.046393979,,0.052822827,0.204500219,79.54587123,63%
31/10/1996,21648.70398,0.0742,19697.54825,0.0388,0.054865481,,0.069738282,-0.004102154,82.28327888,91%
30/11/1996,22791.75555,0.0528,20428.32729,0.0371,0.050772472,,0.10345715,0.067824481,85.23024536,42%
31/12/1996,23325.08263,0.0234,21294.48837,0.0424,0.063213541,,0.065639573,0.096711421,87.53303011,-45%
31/01/1997,24568.30953,0.0533,22399.67231,0.0519,0.070417906,,0.06996761,0.042649743,84.80981299,3%
28/02/1997,25971.16001,0.0571,24283.48476,0.0841,0.063369897,,0.037297094,-0.112031323,88.03596282,-32%
31/03/1997,27391.78246,0.0547,26454.42829,0.0894,0.047543323,,0.037644904,-0.001492913,96.53303064,-39%
30/04/1997,29435.20943,0.0746,27486.151,0.039,0.048414036,,0.061608056,0.032571838,96.91207217,91%
31/05/1997,30642.05302,0.041,28280.50076,0.0289,0.047292442,,0.049947599,0.089757999,90.72091779,42%
30/06/1997,31325.3708,0.0223,28588.75822,0.0109,0.05093661,,0.058126303,0.008323593,84.39152247,105%
31/07/1997,32891.63934,0.05,29743.74405,0.0404,0.063269647,,0.08218565,0.105286889,76.89344386,24%
31/08/1997,34743.43863,0.0563,32120.2692,0.0799,0.066498623,,0.022450885,0.012441671,75.91604205,-30%
30/09/1997,37331.82481,0.0745,33350.47551,0.0383,0.041441153,,0.03951841,0.156127108,75.88216315,95%
31/10/1997,40773.81906,0.0922,35024.66938,0.0502,0.045568534,,0.062316008,0.01728161,77.81232941,84%
30/11/1997,43485.27803,0.0665,36975.54347,0.0557,0.051237715,,0.091127489,0.02633713,81.00132696,19%
31/12/1997,45516.04051,0.0467,38687.51113,0.0463,0.06688164,,0.050937444,-0.107555759,81.67851914,1%
31/01/1998,48483.68635,0.0652,40482.61165,0.0464,0.060739394,,0.043670905,0.042681409,80.72858875,41%
28/02/1998,50723.63266,0.0462,43757.65493,0.0809,0.054725727,,0.057097059,-0.084641495,80.19512176,-43%
31/03/1998,52701.85434,0.039,46015.54992,0.0516,0.054333711,,0.067673849,0.080828423,73.94271165,-24%
30/04/1998,55447.62095,0.0521,48123.06211,0.0458,0.043047766,,0.051109863,0.037031629,75.08112398,14%
31/05/1998,57188.67624,0.0314,49990.23692,0.0388,0.026162262,,0.006120945,0.044021503,76.76574168,-19%
30/06/1998,57892.09696,0.0123,51369.96746,0.0276,0.034800928,,0.040140926,-0.126725375,79.68589984,-55%
31/07/1998,59733.06565,0.0318,52885.3815,0.0295,0.029112515,,0.026622476,0.097777962,77.80337745,8%
31/08/1998,61967.0823,0.0374,55645.99841,0.0522,0.021034036,,0.01294991,-0.025045884,73.24262777,-28%
30/09/1998,66205.63073,0.0684,59196.21311,0.0638,0.005010441,,0.034208246,0.225846069,77.4973586,7%
31/10/1998,70330.24152,0.0623,60374.21775,0.0199,0.01210876,,0.021907661,-0.174350433,72.37626741,213%
30/11/1998,73410.7061,0.0438,62312.23014,0.0321,0.05609102,,0.03577189,-0.127844833,68.52282426,36%
31/12/1998,75737.82549,0.0317,64405.92107,0.0336,0.043024252,,0.047845748,0.109331545,66.47729251,-6%
31/01/1999,78979.40442,0.0428,67529.60825,0.0485,0.046833809,,0.035731145,0.126289885,66.81139259,-12%
28/02/1999,81269.80715,0.029,70554.9347,0.0448,0.06185636,-0.03479726,0.046949486,-0.009308616,61.24021,-35%
31/03/1999,84317.42491,0.0375,74407.23413,0.0546,0.055218576,-0.027729667,0.049704888,0.498051325,61.70019539,-31%
30/04/1999,88541.7279,0.0501,76557.6032,0.0289,0.053798244,-0.018454782,0.046531089,0.154126572,59.08714002,73%
31/05/1999,91206.83391,0.0301,77935.64005,0.018,0.041333868,-0.007567672,0.044181739,-0.066281182,55.90172172,67%
30/06/1999,94016.0044,0.0308,79751.54047,0.0233,0.044192013,-0.02331181,0.0330067,0.20135176,55.24934979,32%
31/07/1999,97174.94214,0.0336,81314.67066,0.0196,0.034163958,-0.004900803,0.017689184,0.216986107,53.75642258,71%
31/08/1999,101061.9398,0.04,86348.04877,0.0619,0.019748478,0.027699848,0.043209269,0.07642954,55.17386917,-35%
30/09/1999,107014.4881,0.0589,92047.01999,0.066,0.042273159,-0.011661009,0.051196777,0.136216186,55.49477771,-11%
31/10/1999,113649.3863,0.062,94983.31993,0.0319,0.029288763,0.021686408,0.053009696,-0.054469722,57.32430741,94%
30/11/1999,118297.6462,0.0409,96721.51469,0.0183,0.062158659,-0.034044034,0.040699334,0.267948755,55.22075598,123%
31/12/1999,125028.7823,0.0569,100019.7183,0.0341,0.063368504,-0.024071984,0.055305879,0.05197527,55.29584336,67%
31/01/2000,130567.5574,0.0443,104350.5721,0.0433,0.034308775,0.003172133,0.051345157,0.12350909,54.5256589,2%
29/02/2000,135111.3084,0.0348,110674.2168,0.0606,0.034047324,-0.029931946,0.010249785,0.107744197,56.86247499,-43%
31/03/2000,138826.8694,0.0275,116595.2874,0.0535,0.030190773,-0.01975225,0.015093125,-0.148432446,56.69885968,-49%
30/04/2000,142339.1891,0.0253,119813.3173,0.0276,0.025953462,-0.015914611,0.030116394,0.017824557,56.50087293,-8%
31/05/2000,145712.6279,0.0237,121059.3758,0.0104,0.036467868,-0.045248893,-0.010798947,0.291337016,55.33249707,128%
30/06/2000,146645.1888,0.0064,125344.8777,0.0354,-0.00159729,0.046856272,-0.004455066,0.063750256,57.16922452,-82%
31/07/2000,149842.0539,0.0218,132226.3115,0.0549,0.018401877,-0.008154597,0.018788102,-0.184117559,62.6106463,-60%
31/08/2000,153033.6896,0.0213,138877.295,0.0503,0.028527913,-0.036789462,0.017925599,0.426116963,60.8343176,-58%
30/09/2000,157777.734,0.031,142946.3998,0.0293,0.029197563,-0.037263831,-0.011267841,-0.166197414,55.29715119,6%
31/10/2000,162968.6214,0.0329,146448.5865,0.0245,0.019062488,-0.018557285,0.03147371,0.081095497,54.18347833,34%
30/11/2000,169177.7259,0.0381,149201.82,0.0188,0.010615862,-0.00144353,-0.006376986,0.090392504,54.25918471,103%
31/12/2000,173356.4157,0.0247,153275.0297,0.0273,-0.007624743,0.042710059,0.012848173,-0.311164054,53.24481243,-10%
31/01/2001,176944.8936,0.0207,157260.1804,0.026,-0.010461009,0.051515529,0.003765917,0.165272,50.70370697,-20%
28/02/2001,179882.1788,0.0166,162449.7664,0.033,0.100631439,-0.01689013,0.082371626,0.041439902,46.78194352,-50%
31/03/2001,189829.6633,0.0553,173821.25,0.07,0.308708494,-0.015568428,0.297817664,0.222362862,49.08085385,-21%
30/04/2001,208546.8681,0.0986,200415.9013,0.153,0.249474736,-0.018129228,0.243364724,0.446732237,67.27347662,-36%
31/05/2001,219161.9037,0.0509,206428.3783,0.03,-0.063936911,-0.016151717,-0.069011875,-0.017838986,70.51829066,70%
30/06/2001,225692.9284,0.0298,213653.3716,0.035,0.073372506,-0.026774895,0.054643486,-0.014602683,70.45241538,-15%
31/07/2001,230522.7571,0.0214,219849.3193,0.029,0.086295088,0.007303464,0.095340766,0.009205853,66.26745222,-26%
31/08/2001,236931.2897,0.0278,231281.4839,0.052,0.060916552,0.045235539,0.076945244,0.167661749,66.53657021,-47%
30/09/2001,251005.0083,0.0594,244927.0915,0.059,0.049189315,0.014440115,0.069489413,-0.143814541,71.34190986,1%
31/10/2001,266466.9168,0.0616,259377.7899,0.059,0.088647529,-0.005056768,0.080942218,-0.022855465,77.11184252,4%
30/11/2001,278404.6347,0.0448,263787.2123,0.017,-0.049338683,-0.019627012,-0.058279629,-0.083723275,76.79892397,164%
31/12/2001,287174.3807,0.0315,271437.0415,0.029,-0.045365012,0.001016002,-0.046229895,-0.023668763,77.09149496,9%
31/01/2002,300872.5986,0.0477,276322.9082,0.018,-0.057165862,-0.006383963,-0.059024643,-0.07080894,75.71066464,165%
28/02/2002,305746.7347,0.0162,281849.3664,0.02,-0.014027996,-0.016096784,-0.02254747,0.071798618,73.49939778,-19%
31/03/2002,308957.0755,0.0105,288331.9018,0.023,0.005198724,0.006041717,0.005306909,0.228737852,65.87839623,-54%
30/04/2002,316001.2968,0.0228,291215.2208,0.01,-0.02892764,0.010044728,-0.016573426,0.03391998,45.30544678,128%
31/05/2002,318023.7051,0.0064,291215.2208,0,0.054499814,0.035147254,0.06857382,-0.067052982,41.07324933,0%
30/06/2002,319804.6378,0.0056,293544.9426,0.008,0.096710601,0.041184758,0.112758746,0.163790512,37.39307758,-30%
31/07/2002,323226.5474,0.0107,302057.7459,0.029,0.084753067,0.042401202,0.137604571,0.12543666,37.39307761,-63%
31/08/2002,329852.6917,0.0205,312327.7093,0.034,-0.008261638,-0.016253639,-0.018454449,0.040042209,35.04224551,-40%
30/09/2002,341727.3886,0.036,317012.6249,0.015,0.004592408,0.004089591,0.015869692,0.061091618,29.43142507,140%
31/10/2002,354063.7473,0.0361,327474.0416,0.033,0.002367222,0.000341802,0.004663036,-0.121594372,26.25369417,9%
30/11/2002,364685.6597,0.03,330748.782,0.01,-0.026111843,0.020282934,-0.01693658,-0.017331197,25.38469136,200%
31/12/2002,370520.6303,0.016,337694.5064,0.021,-0.012643772,0.017942248,-0.004200342,0.155367893,24.40988324,-24%
31/01/2003,378449.7718,0.0214,349176.1196,0.034,0.045605336,0.040790339,0.064393926,0.095941582,26.36524488,-37%
28/02/2003,386056.6122,0.0201,357905.5226,0.025,-0.019690771,0.016355586,-0.021096581,0.055765404,26.98468234,-20%
31/03/2003,397706.9282,0.03017774,364526.7748,0.0185,0.018404908,0.022727273,0,-0.158672917,26.42609872,63%
30/04/2003,407104.865,0.023630307,371051.804,0.0179,-0.012048193,-0.016666667,-0.022813688,-0.172953279,27.41497611,32%
31/05/2003,414409.6234,0.017943186,381626.7805,0.0285,-0.085365854,-0.028248588,-0.054474708,0.031614408,31.04630295,-37%
30/06/2003,413810.8155,-0.001444966,368498.8192,-0.0344,-0.046666667,-0.029069767,-0.024691358,0.034413464,25.5340378,-96%
31/07/2003,411575.9123,-0.005400785,361202.5426,-0.0198,-0.020979021,-0.041916168,-0.037974684,-0.022340942,19.58062573,-73%
31/08/2003,412005.8227,0.001044547,362033.3084,0.0023,0,-0.01875,-0.01754386,0.059364133,15.91456589,-55%
30/09/2003,420467.2691,0.020537201,368730.9246,0.0185,-0.014285714,-0.01910828,-0.008928571,-0.091676436,16.31427131,11%
31/10/2003,427136.1251,0.015860583,374704.3656,0.0162,0.036231884,0.084415584,0.076576577,0.027878162,14.42261615,-2%
30/11/2003,434291.7171,0.016752486,377552.1188,0.0076,0.034965035,0.035928144,0.041841004,0.075590156,14.15072083,120%
31/12/2003,438023.3586,0.008592477,380685.8014,0.0083,-0.027027027,0.01734104,0.008032129,0.015876722,12.73082451,4%
31/01/2004,439919.0015,0.004327721,383388.6706,0.0071,-0.0625,-0.034090909,-0.019920319,-0.083888761,9.7980787,-39%
29/02/2004,441786.3442,0.004244742,381701.7604,-0.0044,-0.014814815,-0.005882353,0.012195122,0.099347717,6.648748426,-196%
31/03/2004,445087.173,0.00747155,387465.457,0.0151,-0.007518797,-0.041420118,-0.02811245,-0.025787312,6.292729035,-51%
30/04/2004,448076.139,0.006715462,389751.5032,0.0059,0.03030303,0.00617284,0.016528926,0.120637152,5.039646486,14%
31/05/2004,450004.8168,0.004304353,398170.1357,0.0216,0.110294118,0.110429448,0.093495935,0.16680602,4.334956572,-80%
30/06/2004,449258.1954,-0.001659141,396577.4551,-0.004,-0.006622517,0.005524862,0.018587361,-0.10981727,7.619735651,-59%
31/07/2004,449524.3948,0.000592531,396736.0861,0.0004,-0.026666667,-0.016483516,-0.02189781,0.214530087,9.837567378,48%
31/08/2004,451924.9261,0.005340158,405503.9536,0.0221,0.006849315,0.005586592,0.003731343,-0.027671914,12.0073607,-76%
30/09/2004,456371.5067,0.009839202,412803.0248,0.018,0.027210884,0.022222222,0.003717472,0.225460123,11.95237428,-45%
31/10/2004,466646.2895,0.022514076,419779.3959,0.0169,-0.013245033,0.010869565,-0.003703704,-0.000834376,12.02949163,33%
30/11/2004,473664.8919,0.015040519,422172.1385,0.0057,-0.026845638,0.010752688,0.003717472,-0.105915101,11.81824111,164%
31/12/2004,476000.9309,0.004931839,424705.1713,0.006,-0.034482759,-0.005319149,0,-0.12001868,11.56317618,-18%
31/01/2005,480132.9764,0.008680751,420797.8837,-0.0092,-0.028571429,-0.042780749,-0.055555556,0.068105431,9.75751658,-194%
28/02/2005,481901.9236,0.003684286,420755.8039,-0.0001,-0.029411765,-0.044692737,-0.02745098,0.09291156,10.2315597,-3784%
31/03/2005,484113.0482,0.004588329,420924.1063,0.0004,-0.007575758,0.011695906,0.008064516,0.057432944,8.635259917,1047%
30/04/2005,489914.811,0.011984314,426648.6741,0.0136,0.038167939,0.01734104,0.032,-0.013614216,9.466845053,-12%
31/05/2005,497536.934,0.015558058,424088.7821,-0.006,0.007352941,-0.005681818,-0.011627907,-0.017579544,6.50944008,-359%
30/06/2005,501889.5384,0.008748304,422858.9246,-0.0029,-0.00729927,-0.051428571,-0.02745098,0.114463177,6.627070995,-402%
31/07/2005,501681.6412,-0.000414229,423831.5001,0.0023,-0.014705882,-0.030120482,-0.052419355,0.062101911,6.829581414,-118%
31/08/2005,504561.6811,0.005740772,426840.7038,0.0071,0,0.02484472,0.025531915,0.12093953,5.261785985,-19%
30/09/2005,510569.5934,0.011907191,433115.2621,0.0147,0,-0.006060606,0.008298755,-0.078020508,4.920564066,-19%
31/10/2005,521381.2288,0.021175635,435367.4615,0.0052,0.014925373,-0.006097561,-0.016460905,-0.040256286,3.713394643,307%
30/11/2005,527859.9119,0.012426,434670.8735,-0.0016,0,-0.018404908,-0.012552301,-0.087668472,2.960577892,-877%
31/12/2005,530634.171,0.005255673,436409.557,0.004,-0.007352941,0,0,0.089189562,2.755884903,31%
31/01/2006,534613.9273,0.0075,440991.8574,0.0105,-0.014814815,0.00625,-0.004237288,0.068830016,4.798972258,-29%
28/02/2006,535790.0779,0.0022,439712.981,-0.0029,0,-0.01242236,-0.012765957,-0.059535104,4.505505788,-176%
31/03/2006,537236.7111,0.0027,447495.9008,0.0177,0.007518797,0.006289308,0.004310345,0.11223203,6.312728138,-85%
30/04/2006,544435.6831,0.0134,455013.8319,0.0168,0,0.025,0.012875536,0.09399093,6.648364221,-20%
31/05/2006,554671.0739,0.0188,464296.1141,0.0204,0.059701493,0.103658537,0.122881356,-0.005181884,9.480876104,-8%
30/06/2006,556556.9556,0.0034,473582.0363,0.02,0.126760563,0.121546961,0.113207547,0.220543807,11.99527993,-83%
31/07/2006,561287.6897,0.0085,481159.3489,0.016,-0.025,-0.024630542,-0.027118644,-0.005804029,13.5260944,-47%
31/08/2006,558818.0238,-0.0044,491263.6952,0.021,-0.057692308,-0.050505051,-0.031358885,-0.146548764,15.09298219,-121%
30/09/2006,566026.7763,0.0129,506050.7325,0.0301,0.006802721,0.005319149,0.003597122,-0.120712202,16.83973685,-57%
31/10/2006,573215.3164,0.0127,517639.2942,0.0229,0,-0.010582011,-0.003584229,-0.047477405,18.89710187,-45%
30/11/2006,580609.794,0.0129,519606.3236,0.0038,-0.013513514,0.005347594,0,0.127071823,19.54017517,239%
31/12/2006,581945.1965,0.0023,520125.9299,0.001,-0.020547945,0.005319149,0.010791367,-0.099424552,19.18298341,130%
31/01/2007,587764.6485,0.01,527147.6299,0.0135,0,-0.021164021,-0.007117438,-0.045911726,19.53681708,-26%
28/02/2007,590292.0365,0.0043,530626.8043,0.0066,-0.020979021,-0.016216216,-0.021505376,0.028897433,20.67571967,-35%
31/03/2007,595722.7232,0.0092,538214.7676,0.0143,0.007142857,0.027472527,0.003663004,0.163452266,20.27255817,-36%
30/04/2007,602930.9682,0.0121,541982.271,0.007,-0.035460993,-0.016042781,-0.01459854,-0.051491919,19.11336162,73%
31/05/2007,605945.623,0.005,542361.6586,0.0007,-0.014705882,-0.016304348,-0.014814815,-0.003386128,16.81374066,614%
30/06/2007,604491.3535,-0.0024,537805.8206,-0.0084,-0.014925373,-0.022099448,-0.015037594,0.046032442,13.56127965,-71%
31/07/2007,600078.5666,-0.0073,538935.2129,0.0021,-0.03030303,-0.005649718,-0.003816794,0.034576697,12.00763617,-448%
31/08/2007,600198.5823,0.0002,550953.4681,0.0223,0.0234375,0.017045455,0.011494253,-0.037573425,12.15025118,-99%
30/09/2007,606380.6277,0.0103,559934.0096,0.0163,-0.030534351,-0.016759777,-0.03030303,0.079869515,10.64780142,-37%
31/10/2007,617356.1171,0.0181,568501,0.0153,-0.05511811,-0.028409091,-0.04296875,0.053011109,9.825704186,18%
30/11/2007,629394.5614,0.0195,566909.1972,-0.0028,-0.008333333,0.023391813,0.008163265,-0.022672589,9.103598523,-796%
31/12/2007,630779.2294,0.0022,569120.143,0.0039,-0.008403361,-0.017142857,-0.032388664,0.045450241,9.419682866,-44%
31/01/2008,635825.4632,0.008,578282.9773,0.0161,0,0.005813953,-0.029288703,-0.024454307,9.700384579,-50%
29/02/2008,644027.6117,0.0129,581579.1903,0.0057,0.008474576,0.01734104,0.00862069,0.11837341,9.602301578,126%
31/03/2008,650210.2768,0.0096,590593.6678,0.0155,0.042016807,0.090909091,0.05982906,0.051967458,9.731970089,-38%
30/04/2008,661133.8094,0.0168,604945.0939,0.0243,0.048387097,0.067708333,0.040322581,0.142597854,11.61713699,-31%
31/05/2008,670984.7032,0.0149,614261.2483,0.0154,-0.038461538,-0.048780488,-0.046511628,0.106430002,13.25676116,-3%
30/06/2008,668569.1583,-0.0036,624887.9679,0.0173,-0.016,-0.015384615,-0.016260163,0.065855181,16.19211692,-121%
31/07/2008,672446.8594,0.0058,634698.709,0.0157,-0.008130081,0,0,-0.11636896,17.76901821,-63%
31/08/2008,670832.9869,-0.0024,633365.8417,-0.0021,-0.032786885,-0.078125,-0.078512397,-0.11366649,14.95813682,14%
30/09/2008,673851.7354,0.0045,650340.0463,0.0268,0.050847458,0.005649718,-0.004484305,-0.135945562,16.14583775,-83%
31/10/2008,691371.8805,0.026,658209.1609,0.0121,0.193548387,0.106741573,0.126126126,-0.231328429,15.77977187,115%
30/11/2008,697110.2671,0.0083,662750.8041,0.0069,0.081081081,0.030456853,-0.02,-0.142760639,16.90598907,20%
31/12/2008,694252.115,-0.0041,651947.966,-0.0163,-0.03125,0.034482759,-0.057142857,-0.272524297,14.55366218,-75%
31/01/2009,696265.4461,0.0029,651491.6024,-0.0007,0.032258065,0.014285714,0,0.273334537,12.65965418,-514%
28/02/2009,693898.1436,-0.0034,652338.5415,0.0013,0.0375,0,0.034632035,0.045512548,12.16676119,-362%
31/03/2009,701531.0232,0.011,658861.9269,0.01,0.030120482,0.046948357,0.016736402,0.071467318,11.55926025,10%
30/04/2009,701671.3294,0.0002,659652.5612,0.0012,-0.058479532,-0.044843049,-0.028806584,0.026199215,9.0433773,-83%
31/05/2009,706162.0259,0.0064,668425.9403,0.0133,-0.031055901,-0.004694836,0.012711864,0.249629995,8.817859201,-52%
30/06/2009,706938.8041,0.0011,673104.9218,0.007,-0.006410256,0.023584906,0.058577406,0.040071062,7.716095745,-84%
31/07/2009,708706.1512,0.0025,657286.9562,-0.0235,-0.019354839,-0.013824885,-0.015810277,0.011482255,3.558892886,-111%
31/08/2009,706580.0327,-0.003,668789.4779,0.0175,-0.019736842,-0.009345794,-0.012048193,-0.037526973,5.592918637,-117%
30/09/2009,709335.6948,0.0039,673671.6411,0.0073,0,0.023584906,-0.008130081,-0.042499269,3.587599277,-47%
31/10/2009,726430.6851,0.0241,683844.0829,0.0151,-0.013422819,0.004608295,-0.028688525,0.12043164,3.894646797,60%
30/11/2009,735656.3548,0.0127,691092.8302,0.0106,0.013605442,0.018348624,0.042194093,0.050881337,4.276422741,20%
31/12/2009,739555.3335,0.0053,689226.8795,-0.0027,0.013422819,-0.009009009,-0.008097166,0.014957634,5.718081111,-296%
31/01/2010,753237.1071,0.0185,676545.1049,-0.0184,-0.026490066,-0.040909091,-0.028571429,-0.106312292,3.845560312,-201%
28/02/2010,764159.0452,0.0145,676206.8324,-0.0005,0.027210884,-0.018957346,-0.004201681,0.101134306,3.658880992,-3000%
31/03/2010,768591.1676,0.0058,678370.6943,0.0032,0.01986755,0.009661836,-0.025316456,0.068386427,2.960979623,81%
30/04/2010,773202.7146,0.006,683187.1262,0.0071,-0.025974026,-0.038277512,-0.008658009,0.044077135,3.56772131,-15%
31/05/2010,770419.1849,-0.0036,680317.7403,-0.0042,0.026666667,-0.029850746,-0.008733624,-0.126338662,1.77907518,-14%
30/06/2010,766104.8374,-0.0056,680521.8356,0.0003,0.025974026,-0.01025641,0.022026432,0.050364185,1.101895642,-1967%
31/07/2010,762427.5342,-0.0048,684673.0188,0.0061,-0.025316456,0.020725389,0.012931034,0.011754757,4.166530667,-179%
31/08/2010,765477.2444,0.004,691519.749,0.01,-0.019480519,-0.010152284,0.004255319,-0.047642929,3.398718409,-60%
30/09/2010,774892.6145,0.0123,696014.6273,0.0065,-0.006622517,0,-0.012711864,0.060558189,3.316598894,89%
31/10/2010,789073.1493,0.0183,702974.7736,0.01,-0.046666667,0.015384615,-0.030042918,-0.027308838,2.797522298,83%
30/11/2010,789309.8712,0.0003,702482.6913,-0.0007,0.006993007,-0.005050505,0.017699115,0.051216607,1.648094236,-143%
31/12/2010,786941.9416,-0.003,700656.2363,-0.0026,0.055555556,0.020304569,0.030434783,0.147215927,1.658286573,15%
31/01/2011,790168.4036,0.0041,710395.3579,0.0139,0.026315789,0.034825871,0.037974684,0.090088183,5.003399294,-71%
28/02/2011,795936.6329,0.0073,715368.1255,0.007,0.019230769,0.043269231,0.040650407,0.155578566,5.791318754,4%
31/03/2011,799279.5668,0.0042,727887.0676,0.0175,-0.006289308,0.01843318,0,0.036234319,7.299309023,-76%
30/04/2011,806233.299,0.0087,734729.2061,0.0094,-0.037974684,-0.004524887,-0.02734375,0.041939145,7.544357603,-7%
31/05/2011,825744.1449,0.0242,745970.5629,0.0153,0.032894737,0.027272727,0.032128514,-0.044711863,9.650317596,58%
30/06/2011,813936.0036,-0.0143,742389.9042,-0.0048,0.01910828,0.017699115,0.011673152,-0.028451974,9.091268695,198%
31/07/2011,810598.866,-0.0041,749888.0423,0.0101,0.03125,0.026086957,0.026923077,0.072039345,9.524988091,-141%
31/08/2011,816516.2377,0.0073,767210.456,0.0231,0.060606061,0.063559322,0.074906367,0.064279012,10.94555971,-68%
30/09/2011,822640.1095,0.0075,773501.5818,0.0082,0.028571429,-0.011952191,-0.010452962,-0.073034533,11.13294915,-9%
31/10/2011,849540.4411,0.0327,784021.2033,0.0136,0.022222222,0.012096774,0.017605634,0.051944621,11.52906658,140%
30/11/2011,864237.4907,0.0173,798133.585,0.018,-0.016304348,-0.019920319,-0.010380623,0.01260863,13.61612106,-4%
31/12/2011,869250.0681,0.0058,803800.3334,0.0071,0.033149171,0,0.020979021,0.001537851,14.7210703,-18%
31/01/2012,874117.8685,0.0056,798173.7311,-0.007,-0.010695187,-0.032520325,-0.020547945,0.009163406,12.35627066,-180%
29/02/2012,879012.9286,0.0056,796098.4794,-0.0026,-0.048648649,-0.021008403,-0.027972028,0.055610091,11.28514831,-315%
31/03/2012,882616.8816,0.0041,803502.1952,0.0093,0.017045455,0.012875536,0.017985612,0.025898545,10.38830486,-56%
30/04/2012,896032.6582,0.0152,818527.6863,0.0187,0,-0.004237288,0.010600707,-0.038207034,11.40535581,-19%
31/05/2012,894150.9896,-0.0021,817381.7475,-0.0014,0.011173184,-0.012765957,0.006993007,-0.116299892,9.572922599,50%
30/06/2012,886103.6307,-0.009,809616.6209,-0.0095,0.005524862,-0.012931034,-0.013888889,-0.083666613,9.055445975,-5%
31/07/2012,884065.5924,-0.0023,801520.4547,-0.01,-0.005494505,-0.026200873,-0.003521127,0.117958566,6.885349477,-77%
31/08/2012,889016.3597,0.0056,810497.4838,0.0112,-0.011049724,-0.004484305,-0.003533569,0.064181979,5.642132151,-50%
30/09/2012,898173.2282,0.0103,824356.9908,0.0171,0.005586592,0.045045045,0.028368794,-0.017217766,6.574700065,-40%
31/10/2012,915777.4234,0.0196,832023.5108,0.0093,0,0.00862069,0,-0.013985666,6.122577718,111%
30/11/2012,919257.3777,0.0038,832689.1296,0.0008,-0.005555556,-0.017094017,-0.013793103,0.003735299,4.329543982,375%
31/12/2012,922750.5557,0.0038,832689.1296,0,0,0.017391304,0.01048951,-0.003922555,3.594026402,0%
31/01/2013,937975.9399,0.0165,841016.0209,0.01,-0.011173184,0.004273504,-0.020761246,0.033977887,5.367539438,65%
28/02/2013,940789.8677,0.003,836474.5344,-0.0054,0.005649718,0.012765957,-0.024734982,-0.027001953,5.071741254,-156%
31/03/2013,946999.0808,0.0066,838147.4835,0.002,0.016853933,-0.012605042,-0.007246377,-0.014603302,4.311785146,230%
30/04/2013,950976.4769,0.0042,845187.9223,0.0084,-0.005524862,-0.004255319,0.00729927,-0.069464249,3.257096424,-50%
31/05/2013,952402.9417,0.0015,847638.9673,0.0029,0.016666667,0.012820513,0.014492754,0.003666813,3.701724426,-48%
30/06/2013,959641.204,0.0076,860099.2601,0.0147,0.038251366,0.054852321,0.05,0.060690332,6.235375843,-48%
31/07/2013,962616.0918,0.0031,859325.1708,-0.0009,0.015789474,0.012,0,0.072691754,7.211882836,-444%
31/08/2013,961653.4757,-0.001,867316.8949,0.0093,0.015544041,0.031620553,0.034013605,0.088325506,7.010436459,-111%
30/09/2013,969058.2074,0.0077,885010.1595,0.0204,0.030612245,0.034482759,0.052631579,-0.040292395,7.357633814,-62%
31/10/2013,986501.2552,0.018,898196.8109,0.0149,-0.014851485,0.007407407,0.00625,-0.016243003,7.953296901,21%
30/11/2013,986599.9053,1.00E-04,901520.1391,0.0037,0.020100503,0.003676471,0.01242236,0.049253731,8.266111212,-97%
31/12/2013,991138.2648,0.0046,917657.3496,0.0179,0.014778325,0.032967033,0.036809816,0.007601351,10.2040746,-74%
31/01/2014,1010762.802,0.0198,936836.3882,0.0209,0.077669903,0.074468085,0.082840237,0.059734416,11.3934057,-5%
28/02/2014,1015109.083,0.0043,958289.9415,0.0229,0,-0.00330033,0.00273224,0.005703343,14.56295465,-81%
31/03/2014,1026579.815,0.0113,963656.3652,0.0056,0,0.016556291,0.008174387,-0.025581588,14.97455808,102%
30/04/2014,1040335.985,0.0134,966932.7968,0.0034,-0.040540541,-0.042345277,-0.035135135,-0.016482583,14.404474,294%
31/05/2014,1044497.329,0.004,959390.721,-0.0078,-0.018779343,-0.020408163,-0.008403361,-0.011964409,13.18388583,-151%
30/06/2014,1047735.27,0.0031,962364.8322,0.0031,0.014354067,0,0.014124294,0.028765027,11.88997327,0%
31/07/2014,1052450.079,0.0045,964770.7443,0.0025,0,0,0.013927577,-0.053541835,12.27074187,80%
31/08/2014,1053397.284,0.0009,970462.8917,0.0059,0.018867925,0,-0.005494505,-0.01836304,11.89253863,-85%
30/09/2014,1054872.04,0.0014,971045.1694,0.0006,0.023148148,-0.006944444,-0.002762431,-0.04413648,9.721358447,133%
31/10/2014,1074914.609,0.019,988135.5644,0.0176,0.022624434,0.003496503,0.011080332,-0.088855926,10.01325683,8%
30/11/2014,1076849.455,0.0018,981416.2426,-0.0068,-0.008849558,-0.027874564,-0.030136986,-0.155235795,8.862375895,-126%
31/12/2014,1072111.318,-0.0044,977098.0111,-0.0044,0.022321429,0.014336918,0.014124294,-0.21254507,6.477435344,0%
31/01/2015,1083904.542,0.011,968499.5486,-0.0088,0.017467249,-0.038869258,-0.011142061,-0.124970396,3.379796173,-225%
28/02/2015,1091600.265,0.0071,956199.6043,-0.0127,0.055793991,0.025735294,0.061971831,0.373421148,-0.218132019,-156%
31/03/2015,1104590.308,0.0119,973124.3373,0.0177,0.052845528,0.007168459,0.031830239,-0.087039348,0.982505013,-33%
30/04/2015,1122595.13,0.0163,987818.5148,0.0151,0.023166023,0.017793594,0.017994859,0.219743848,2.159996855,8%
31/05/2015,1128881.662,0.0056,1003821.175,0.0162,0,0.034965035,0.037878788,-0.012328929,4.631111499,-65%
30/06/2015,1123124.366,-0.0051,1008237.988,0.0044,0.022641509,0.023648649,0.0243309,-0.02526429,4.76671157,-216%
31/07/2015,1124135.178,0.0009,995836.6607,-0.0123,-0.003690037,-0.01650165,0,-0.118566176,3.220030933,-107%
31/08/2015,1128631.719,0.004,1003803.354,0.008,0.055555556,0.063758389,0.059382423,-0.049356969,3.435521604,-50%
30/09/2015,1138676.541,0.0089,1033716.694,0.0298,0.056140351,0.066246057,0.038116592,0.040219378,6.45402774,-70%
31/10/2015,1156326.028,0.015500001,1049429.188,0.0152,-0.026578073,-0.023668639,-0.025917927,-0.00970123,6.202956943,2%
30/11/2015,1164073.413,0.0067,1039564.553,-0.0094,-0.017064846,-0.063636364,-0.028824834,-0.107049052,5.924938663,-171%
31/12/2015,1166517.967,0.0021,1053182.849,0.0131,0.013888889,0.029126214,0.002283105,-0.149455442,7.786817396,-84%
31/01/2016,1187748.594,0.0182,1058238.127,0.0048,0.030821918,0.028301887,-0.009111617,-0.066922142,9.265732599,279%
29/02/2016,1187511.044,-0.0002,1056439.122,-0.0017,-0.019933555,0,-0.027586207,0.060002003,10.48311642,-88%
31/03/2016,1187036.04,-0.0004,1054220.6,-0.0021,-0.016949153,-0.018348624,-0.026004728,0.006048006,8.333597218,-81%
30/04/2016,1196294.921,0.0078,1064762.806,0.01,-0.020689655,0.003115265,-0.012135922,0.217452564,7.78931454,-22%
31/05/2016,1203233.431,0.0058,1072855.003,0.0076,0.031690141,0.031055901,0.049140049,0.114265875,6.877104181,-24%
30/06/2016,1208888.629,0.0047,1077790.136,0.0046,-0.003412969,-0.012048193,-0.021077283,-0.024442598,6.898385979,2%
31/07/2016,1222911.737,0.0116,1087274.689,0.0088,0.01369863,0,-0.064593301,-0.055632053,9.182030739,32%
31/08/2016,1219365.293,-0.0029,1095429.249,0.0075,0.003378378,0.015243902,-0.002557545,0.023245047,9.127872968,-139%
30/09/2016,1221560.15,0.0018,1102001.825,0.006,0,-0.003003003,0,0.015924956,6.605787775,-70%
31/10/2016,1239150.616,0.0144,1114895.246,0.0117,0.033670034,0.021084337,-0.023076923,0.09914838,6.238253972,23%
30/11/2016,1245594.2,0.0052,1130838.248,0.0143,0.06514658,0.044247788,0.06824147,-0.037883552,8.779993002,-64%
31/12/2016,1266021.944,0.0164,1160692.378,0.0264,0.070336391,0.042372881,0.073710074,0.275167143,10.20805923,-38%
31/01/2017,1297166.084,0.0246,1169397.571,0.0075,0.068571429,0.075880759,0.057208238,0.094438517,10.5041995,228%
28/02/2017,1307673.131,0.008100001,1185769.137,0.014,-0.016042781,-0.012594458,-0.004329004,-0.010814719,12.24206983,-42%
31/03/2017,1321011.397,0.0102,1192765.175,0.0059,-0.002717391,0,-0.013043478,-0.062332608,13.14189601,73%
30/04/2017,1338316.645,0.013099999,1214831.33,0.0185,-0.002724796,0,0.017621145,0.01119337,14.09408022,-29%
31/05/2017,1344339.07,0.0045,1219569.173,0.0039,-0.024590164,0.005102041,0,-0.061510666,13.67511636,15%
30/06/2017,1340709.354,-0.0027,1227862.243,0.0068,-0.011204482,0.005076142,-0.021645022,-0.089003613,13.92405645,-140%
31/07/2017,1342720.418,0.0015,1246280.177,0.015,0.011331445,0.035353535,0.026548673,0.057350624,14.62422418,-90%
31/08/2017,1349702.564,0.0052,1251514.553,0.0042,-0.014005602,0.012195122,-0.015086207,0.0514833,14.24878002,24%
30/09/2017,1358475.63,0.006499999,1257897.278,0.0051,-0.014204545,0,0.015317287,0.070646321,14.1465694,27%
31/10/2017,1386731.924,0.020800001,1269469.933,0.0092,0.057636888,0.040963855,0.045258621,0.083253738,13.86450319,126%
30/11/2017,1407394.23,0.0149,1286099.989,0.0131,0.059945504,0.055555556,0.059793814,0.155784778,13.72979215,14%
31/12/2017,1417105.25,0.0069,1307835.078,0.0169,-0.010282776,0,0.007782101,0.015916085,12.67714881,-59%
31/01/2018,1431559.724,0.0102,1304957.841,-0.0022,-0.018181818,0.00877193,0.005791506,0.053658537,11.59231671,-564%
28/02/2018,1442010.11,0.0073,1325967.663,0.0161,0,0.017391304,0.019193858,-0.054429647,11.82342512,-55%
31/03/2018,1456286.01,0.0099,1337370.984,0.0086,0.029100529,0.023504274,0.024482109,0.040128857,12.12357738,15%
30/04/2018,1483518.558,0.0187,1374148.687,0.0275,0.043701799,0.041753653,0.055147059,0.139977836,13.11436025,-32%
31/05/2018,1507551.559,0.0162,1424305.114,0.0365,0.088669951,0.048096192,0.040069686,0.162043075,16.78756282,-56%
30/06/2018,1546898.654,0.0261,1466179.684,0.0294,0.049773756,0.036328872,0.033500838,0.014858583,19.40913505,-11%
31/07/2018,1555406.595,0.005499999,1499315.345,0.0226,0.025862069,0.025830258,0.016207455,0.02365621,20.30323299,-76%
31/08/2018,1591180.947,0.023,1625557.697,0.0842,0.205882353,0.190647482,0.180223285,0.177948109,29.88723887,-73%
30/09/2018,1691425.347,0.063,1726342.274,0.062,0.111498258,0.123867069,0.125675676,0.208963154,37.24032194,2%
31/10/2018,1736586.404,0.0267,1753618.482,0.0158,-0.079937304,-0.092741935,-0.079231693,-0.054979335,38.1378508,69%
30/11/2018,1711579.559,-0.0144,1725560.586,-0.016,-0.083475298,-0.093333333,-0.092568449,-0.267617247,34.17001794,-10%
31/12/2018,1704733.241,-0.004,1699849.733,-0.0149,-0.011152416,-0.011437908,-0.030172414,-0.124010851,29.97431875,-73%
31/01/2019,1722803.413,0.0106,1708858.937,0.0053,0.011278195,0.014876033,0.026666667,0.04742046,30.95127546,100%
28/02/2019,1725559.87,0.001599983,1706295.649,-0.0015,-0.020446097,-0.024429967,-0.01010101,0.054574443,28.68305138,-207%
31/03/2019,1743333.136,0.0103,1728989.381,0.0133,0.034155598,0.030050083,0.049562682,0.069403553,29.28270478,-23%
30/04/2019,1772795.466,0.0169,1797284.461,0.0395,0.055045872,0.047001621,0.043055556,0.136240058,30.79257565,-57%
31/05/2019,1789637.023,0.0095,1805731.698,0.0047,0.053913043,0.049535604,0.03861518,0.055244676,26.77983673,102%
30/06/2019,1790173.914,0.0003,1828664.491,0.0127,-0.03960396,-0.030973451,-0.052564103,-0.135212652,24.7230821,-98%
31/07/2019,1814520.28,0.0136,1848231.201,0.0107,-0.024054983,-0.02891933,-0.037889039,-0.028614053,23.27167911,27%
31/08/2019,1830125.154,0.0086,1855069.656,0.0037,-0.008802817,-0.017241379,-0.035161744,-0.084476194,14.11896726,132%
30/09/2019,1848243.393,0.0099,1889944.966,0.0188,0.01598579,0.004784689,0.030612245,0.081205745,9.476839817,-47%
31/10/2019,1866541.003,0.0099,1882007.197,-0.0042,0.012237762,0.015873016,0.033946252,-0.038027745,7.321359595,-336%
30/11/2019,1873633.858,0.0038,1873349.964,-0.0046,-0.008635579,-0.0078125,0.013679891,0.04947488,8.564716835,-183%
31/12/2019,1887498.749,0.0074,1898265.518,0.0133,0.019163763,0.022047244,0.064777328,0.08526994,11.67254853,-44%
31/01/2020,1912979.982,0.0135,1930346.206,0.0169,0.022222222,0.023112481,0.001267427,-0.033361396,12.96112068,-20%
29/02/2020,1919675.412,0.0035,1942314.352,0.0062,0.043478261,0.036144578,0.012658228,-0.087509819,13.83222791,-44%
31/03/2020,1930617.562,0.0057,1951443.23,0.0047,0.059294872,0.061046512,0.02625,-0.390800775,12.86612003,21%
30/04/2020,1947027.811,0.0085,1946954.91,-0.0023,0.033282905,0.017808219,0.03410475,-0.40669354,8.327588217,-470%
31/05/2020,1973507.389,0.0136,1961557.072,0.0075,0.019033675,0.01884253,0.011778563,0.628901489,8.62948655,81%
30/06/2020,1995808.023,0.0113,1981368.798,0.0101,-0.020114943,0.014531044,-0.003492433,0.34308956,8.350591798,12%
31/07/2020,2007383.709,0.0058,2020401.764,0.0197,0.005865103,0.020833333,0.012850467,0.08004984,9.315423466,-71%
31/08/2020,2024647.209,0.0086,2066466.924,0.0228,0.059766764,0.095663265,0.101499423,0.096530181,11.39565123,-62%
30/09/2020,2044286.287,0.0097,2101183.568,0.0168,0.034387895,0.033760186,0.02513089,-0.054161627,11.17697107,-42%
31/10/2020,2087829.585,0.0213,2123245.996,0.0105,0.049202128,0.046171171,0.046986721,0.030736581,12.81816559,103%
30/11/2020,2135849.666,0.023,2174416.224,0.0241,0.016476553,0.019375673,0.033170732,0.079705997,16.07101,-5%
31/12/2020,2162547.786,0.0125,2183331.331,0.0041,-0.036159601,-0.007391763,-0.017941454,0.128657333,15.0171728,205%
31/01/2021,2198878.589,0.0168,2193811.321,0.0048,-0.041397154,-0.040425532,-0.026923077,0.05026361,13.64859392,250%
28/02/2021,2218888.384,0.0091,2193372.559,-0.0002,-0.043184885,-0.049889135,-0.028656126,0.088012513,12.92572475,-4650%
31/03/2021,2242852.379,0.0108,2223860.438,0.0139,0.077574048,0.063010502,0.079348932,0.131729584,13.95978135,-22%
30/04/2021,2280532.299,0.0168,2267003.33,0.0194,0.069371728,0.07025247,0.066918002,0.059562478,16.43840945,-13%
31/05/2021,2300829.036,0.0089,2303728.784,0.0162,0.023255814,0.041025641,0.03975265,0.081989214,17.44388256,-45%
30/06/2021,2345465.12,0.0194,2376065.868,0.0314,0.029904306,0.02364532,0.029736619,0.099486342,19.92042422,-38%
31/07/2021,2369388.864,0.0102,2429163.101,0.022346701,0.00232288,-0.01732435,-0.014026403,0.029860729,20.23168581,-54%
31/08/2021,2395926.019,0.0112,2490834.441,0.025387896,-0.01622248,-0.020568071,-0.016736402,-0.07406865,20.5358969,-56%
30/09/2021,2425938.862,0.012526615,2542605.907,0.020784788,0.004711425,0.005,0,0.057822672,21.00827104,-40%
31/10/2021,2483918.801,0.0239,2624902.799,0.032367144,0.073856975,0.056716418,0.067234043,0.204322885,23.62688091,-26%
30/11/2021,2571148.425,0.035117744,2769794.304,0.055198808,0.150655022,0.132768362,0.13476874,0.116358505,27.38105398,-36%
31/12/2021,2920310.381,0.1358,3189586.487,0.151560779,0.285578748,0.273482959,0.268446943,0.176451273,46.08806468,-10%
31/01/2022,3244586.205,0.111041561,3364427.274,0.05481613,-0.000738007,0.001305483,0.019390582,0.165513752,53.35991941,103%
28/02/2022,3400602.496,0.048085112,3603704.861,0.071119857,0.008124077,0.008474576,0.005978261,0.131881766,64.29971489,-32%
31/03/2022,3586275.392,0.0546,4074082.053,0.130526003,0.068864469,0.039431157,0.041058887,0.290274467,83.19863888,-58%
30/04/2022,3846280.358,0.0725,4280540.504,0.050676066,0.008224812,-0.007462687,-0.00778412,-0.100723661,88.81933023,43%
31/05/2022,3960930.368,0.029808022,4564440.003,0.066323283,0.063902107,0.037593985,0.019874477,0.171228243,98.13269838,-55%
30/06/2022,4157072.427,0.049519189,4999932.781,0.095409903,0.086261981,0.086352657,0.077948718,0.075600328,110.4290478,-48%
31/07/2022,4255398.518,0.023652725,5260399.589,0.052094062,0.024705882,-0.010561423,-0.003330162,0.002324149,116.5519305,-55%
31/08/2022,4317548.43,0.014604957,5434503.423,0.033097074,0.035017222,0.02752809,0.036754177,-0.062534845,118.1800337,-56%
30/09/2022,4450350.292,0.030758627,5602112.509,0.030841656,0.014975042,-0.006560962,-0.039134438,-0.097878124,120.329564,0%
31/10/2022,4608105.642,0.03544785,5793491.714,0.034161971,0.016393443,0.006053935,0.006229037,0.056700457,120.712619,4%
30/11/2022,4740992.524,0.028837638,5937123.346,0.024791894,0.001075269,0.036652079,0.040952381,-0.019411753,114.3525004,16%
31/12/2022,4797063.479,0.011826839,6203996.09,0.04494984,0.002685285,0,0.041171089,-0.11247765,94.50784969,-74%
31/01/2023,5116017.505,0.066489432,6366511.034,0.026195204,0.006427424,0.067546174,0.009226714,0.026078379,89.23015763,154%
28/02/2023,5276918.609,0.03145046,6662520.729,0.046494806,0.003725386,0,-0.004353505,0.005063686,84.87975531,-32%
31/03/2023,5397732.595,0.022894798,6815057.795,0.022894798,0.007423118,0.004943154,0.009182335,0.077146856,67.27836372,0%
30/04/2023,5526495.992,0.02385509,7176124.048,0.052980659,0.017894737,0.042302017,0.044194107,-0.024599676,67.64527847,-55%
31/05/2023,5528876.563,0.000430756,7435867.08,0.036195449,0.019648397,0.012741859,0.023651452,0.171228243,62.61090862,-99%
30/06/2023,5745636.071,0.039204982,8286641.663,0.11441498,0.206896552,0.171724138,0.219183218,0.075600328,65.43216555,-66%
31/07/2023,6290896.934,0.0949,9107019.188,0.099,0.145391605,0.170868347,0.170380528,0.226046519,72.8104297,-4%
31/08/2023,6862537.729,0.090867932,9848749.491,0.081446002,0.020022667,0.007518797,0.007322789,0.096929512,81.22630026,12%
30/09/2023,7188721.991,0.047531143,10170557.45,0.032675007,-0.00037037,-0.020691995,-0.023553359,0.087465876,81.54861105,
31/10/2023,7435581.374,0.034339815,10365831.06,0.019199893,0.031863653,0.018704538,0.011018463,-0.063921724,78.92199689,
30/11/2023,7679550.027,0.032810972,10824475.67,0.044245811,0.028366248,0.05066304,0.046833579,-0.021952775,82.31852424,
31/12/2023,7904346.376,0.029272073,11413333.57,0.054400594,0.015013966,0.026213592,0.036859876,-0.032938514,83.9674527,
31/01/2024,8434199.193,0.067033097,11851194.68,0.038363998,0.03371173,0.034689372,0.037991859,0.075041861,86.14896944,
29/02/2024,8816199.948,0.045291882,12395401.55,0.045920001,0.023627288,0.01188662,0.01751634,0.066551476,86.04672397,
31/03/2024,9095027.338,0.031626709,13251674.29,0.069079871,0.039986996,0.047590361,0.046505653,0.064034364,94.44698327,
30/04/2024,9384227.334,0.031797595,14036226.04,0.059203972,0.010628321,-0.002300173,-0.003682789,0.064228645,95.59620138,
31/05/2024,9700294.06,0.033680634,14527299.64,0.034986156,-0.002474482,0.004322767,0.005174963,-0.093308939,95.36793062,
30/06/2024,9859453.953,0.016407739,15178039.75,0.044794293,0.008372093,0.005451937,0.015935278,0.014538544,83.16273796,
31/07/2024,10177476.17,0.032255561,15710774.29,0.035099034,0.011377614,0.017123288,0.020994208,0.04703582,72.51280538,
31/08/2024,10429309.3,0.024744163,16226120.44,0.032802085,0.022195196,0.037317621,0.027416686,-0.035306972,64.75310349,
30/09/2024,10738871.9,0.029681985,16635822.16,0.025249518,0.012195122,0.021909656,0.035656775,-0.067661102,63.56844,
31/10/2024,11048136.93,0.028798651,17171294.06,0.032187883,0.005877167,-0.010058232,-0.003553976,0.027754178,65.65284499,
30/11/2024,11296059.07,0.022440177,17305230.15,0.0078,0.005842828,-0.020320856,-0.019170753,-0.011178881,59.87130166,
31/12/2024,11412198.18,0.010281383,17495493.18,0.010994539,0.015683997,0,0.007045455,0.008988738,53.28994874,
31/01/2025,11986517.15,0.050325008,17848016.85,0.020149399,0.015727767,0.003820961,-0.008124577,0.090128229,50.60099284,
28/02/2025,12259010.46,0.022733318,18232806.32,0.021559228,0.018018018,0.02365416,0.032309443,-0.031168421,47.0933091,
31/03/2025,12560581.05,0.024599913,19012901.69,0.042785261,0.024336283,0.060823373,0.053780031,-0.012460527,43.47546791,
30/04/2025,12936970.4,0.029965919,19784345.64,0.040574761,0.028347732,0.069604407,0.048316252,-0.036692823,40.95203069,
31/05/2025,13134687.46,0.015283104,20320192.45,0.027084384,0.017589919,0.023876404,0.035115722,-0.037374574,39.87590917,
30/06/2025,13315060.18,0.013732547,20608088.67,0.014167987,0.016769866,0.03657979,0.030454896,0.127044829,35.77569312,
31/07/2025,13589211.39,0.020589559,21261095.45,0.031686916,0.019538188,0.036612263,0.01889263,0.013829688,35.32811976,
31/08/2025,13865785.72,0.020352493,21972306.79,0.033451303,0.015430562,0.00893617,0.007894254,-0.029880739,35.41318687,
30/09/2025,14314273.15,0.032344898,23156056.57,0.053874624,0.012009804,0.021509911,0.017486339,0.013799124,39.19394152,
